{
    "input_parameters": {
        "time_of_conjunction": 0.0,
        "orbital_period": 5.508,
        "planet_radius": 0.995,
        "semi_major_axis": 16.04,
        "orbital_inclination": 88.8,
        "orbital_eccentricity": 0.084,
        "longitude_of_periastron": 120.0,
        "planet_mass": 0.197,
        "star_temperature": 4803,
        "star_radius": 0.765,
        "atm_min_pressure": 1,
        "atm_max_pressure": 1000000.0,
        "equilibrium_temperature": 852,
        "stellar_mass": 0.77,
        "stellar_metallicity": 0.1,
        "H2O": 3.3884415613920276e-05,
        "CH4": 0.0018701890502927391,
        "CO2": 1.3803842646028839e-05,
        "CO": 0.0017182353881643692,
        "Na": 1.0232929922807536e-07
    },
    "retrieved_parameters": {
        "planet_radius": {
            "mean": 0.9853823575403072,
            "sigma": -1.124297401645005e-05
        },
        "T_irr": {
            "mean": 752.6446797965538,
            "sigma": 0.5268107271743492
        },
        "log_H2O": {
            "mean": -4.9847379779809,
            "sigma": -0.0023344140806047923
        },
        "log_Na": {
            "mean": -6.29390121772373,
            "sigma": -0.002983814237025726
        },
        "log_CO2": {
            "mean": -4.9050724009900755,
            "sigma": -0.005621691140594449
        }
    }
}