{
    "input_parameters": {
        "time_of_conjunction": 0.0,
        "orbital_period": 5.508,
        "planet_radius": 0.995,
        "semi_major_axis": 16.04,
        "orbital_inclination": 88.8,
        "orbital_eccentricity": 0.084,
        "longitude_of_periastron": 120.0,
        "planet_mass": 0.197,
        "star_temperature": 4803,
        "star_radius": 0.765,
        "atm_min_pressure": 1,
        "atm_max_pressure": 1000000.0,
        "equilibrium_temperature": 852,
        "stellar_mass": 0.77,
        "stellar_metallicity": 0.1,
        "H2O": 3.3884415613920276e-05,
        "CO2": 1.3803842646028839e-05,
        "Na": 1.0232929922807536e-07
    },
    "retrieved_parameters": {
        "planet_radius": {
            "mean": 0.9950022668701185,
            "sigma": -1.2927132679117545e-05
        },
        "T_irr": {
            "mean": 851.94447922272,
            "sigma": 0.29576674903156996
        },
        "log_H2O": {
            "mean": -4.46989017528971,
            "sigma": -0.0007763798075349791
        },
        "log_CO2": {
            "mean": -4.859709674498926,
            "sigma": -0.0017755723061106277
        },
        "log_Na": {
            "mean": -6.989827711563368,
            "sigma": -0.0004691215010671286
        }
    }
}