{
    "time_of_conjunction": 0.0,
    "orbital_period": 5.508,
    "planet_radius": 0.995,
    "semi_major_axis": 16.04,
    "orbital_inclination": 88.8,
    "orbital_eccentricity": 0.084,
    "longitude_of_periastron": 120.0,
    "planet_mass": 0.197,
    "star_temperature": 4803,
    "star_radius": 0.765,
    "atm_min_pressure": 1,
    "atm_max_pressure": 1000000.0,
    "equilibrium_temperature": 852,
    "stellar_mass": 0.77,
    "stellar_metallicity": 0.1,
    "H2O": 0.004386713634744914,
    "CH4": 0.0024317575604646748,
    "CO2": 0.0040396980911109204,
    "CO": 0.004240270601615718
}