{
    "t0": 0.0,
    "per": 1.09141937,
    "rp": 0.195,
    "a": 5.04,
    "inc": 83.37,
    "ecc": 0.0447,
    "w": 272.7,
    "T_irr": 2592.6,
    "planet_mass": 1.465,
    "H20": 0.003991699321690203,
    "CH4": 0.008494964161497403,
    "CO2": 0.006865081093789541,
    "CO": 0.00901703619589231,
    "star_temperature": 6360,
    "star radius": 1.657,
    "atm min pressure": 1.0,
    "atm max pressure": 1000000.0
}